Count;Uniprot;Name;Class;Most similar to
1;O14718;sp|O14718|OPSX_HUMAN;A-alpha;A
2;O14804;sp|O14804|TAAR5_HUMAN;A-alpha;A
3;O95136;sp|O95136|S1PR2_HUMAN;A-alpha;A
4;O95977;sp|O95977|S1PR4_HUMAN;A-alpha;A
5;P03999;sp|P03999|OPSB_HUMAN;A-alpha;A
6;P04000;sp|P04000|OPSR_HUMAN;A-alpha;A
7;P04001;sp|P04001|OPSG_HUMAN;A-alpha;A
8;P07550;sp|P07550|ADRB2_HUMAN;A-alpha;A
9;P08100;sp|P08100|OPSD_HUMAN;A-alpha;A
10;P08172;sp|P08172|ACM2_HUMAN;A-alpha;A
11;P08173;sp|P08173|ACM4_HUMAN;A-alpha;A
12;P08588;sp|P08588|ADRB1_HUMAN;A-alpha;A
13;P08908;sp|P08908|5HT1A_HUMAN;A-alpha;A
14;P08912;sp|P08912|ACM5_HUMAN;A-alpha;A
15;P08913;sp|P08913|ADA2A_HUMAN;A-alpha;A
16;P11229;sp|P11229|ACM1_HUMAN;A-alpha;A
17;P13945;sp|P13945|ADRB3_HUMAN;A-alpha;A
18;P14416;sp|P14416|DRD2_HUMAN;A-alpha;A
19;P18089;sp|P18089|ADA2B_HUMAN;A-alpha;A
20;P18825;sp|P18825|ADA2C_HUMAN;A-alpha;A
21;P20309;sp|P20309|ACM3_HUMAN;A-alpha;A
22;P21453;sp|P21453|S1PR1_HUMAN;A-alpha;A
23;P21554;sp|P21554|CNR1_HUMAN;A-alpha;A
24;P21728;sp|P21728|DRD1_HUMAN;A-alpha;A
25;P21731;sp|P21731|TA2R_HUMAN;A-alpha;A
26;P21917;sp|P21917|DRD4_HUMAN;A-alpha;A
27;P21918;sp|P21918|DRD5_HUMAN;A-alpha;A
28;P25021;sp|P25021|HRH2_HUMAN;A-alpha;A
29;P25100;sp|P25100|ADA1D_HUMAN;A-alpha;A
30;P28221;sp|P28221|5HT1D_HUMAN;A-alpha;A
31;P28222;sp|P28222|5HT1B_HUMAN;A-alpha;A
32;P28223;sp|P28223|5HT2A_HUMAN;A-alpha;A
33;P28335;sp|P28335|5HT2C_HUMAN;A-alpha;A
34;P28566;sp|P28566|5HT1E_HUMAN;A-alpha;A
35;P29274;sp|P29274|AA2AR_HUMAN;A-alpha;A
36;P29275;sp|P29275|AA2BR_HUMAN;A-alpha;A
37;P30542;sp|P30542|AA1R_HUMAN;A-alpha;A
38;P30939;sp|P30939|5HT1F_HUMAN;A-alpha;A
39;P32245;sp|P32245|MC4R_HUMAN;A-alpha;A
40;P33032;sp|P33032|MC5R_HUMAN;A-alpha;A
41;P33765;sp|P33765|AA3R_HUMAN;A-alpha;A
42;P34969;sp|P34969|5HT7R_HUMAN;A-alpha;A
43;P34972;sp|P34972|CNR2_HUMAN;A-alpha;A
44;P34995;sp|P34995|PE2R1_HUMAN;A-alpha;A
45;P35348;sp|P35348|ADA1A_HUMAN;A-alpha;A
46;P35367;sp|P35367|HRH1_HUMAN;A-alpha;A
47;P35368;sp|P35368|ADA1B_HUMAN;A-alpha;A
48;P35408;sp|P35408|PE2R4_HUMAN;A-alpha;A
49;P35462;sp|P35462|DRD3_HUMAN;A-alpha;A
50;P41595;sp|P41595|5HT2B_HUMAN;A-alpha;A
51;P41968;sp|P41968|MC3R_HUMAN;A-alpha;A
52;P43088;sp|P43088|PF2R_HUMAN;A-alpha;A
53;P43115;sp|P43115|PE2R3_HUMAN;A-alpha;A
54;P43116;sp|P43116|PE2R2_HUMAN;A-alpha;A
55;P43119;sp|P43119|PI2R_HUMAN;A-alpha;A
56;P46089;sp|P46089|GPR3_HUMAN;A-alpha;A
57;P46095;sp|P46095|GPR6_HUMAN;A-alpha;A
58;P47775;sp|P47775|GPR12_HUMAN;A-alpha;A
59;P47898;sp|P47898|5HT5A_HUMAN;A-alpha;A
60;P48039;sp|P48039|MTR1A_HUMAN;A-alpha;A
61;P49286;sp|P49286|MTR1B_HUMAN;A-alpha;A
62;P50406;sp|P50406|5HT6R_HUMAN;A-alpha;A
63;Q01718;sp|Q01718|ACTHR_HUMAN;A-alpha;A
64;Q01726;sp|Q01726|MSHR_HUMAN;A-alpha;A
65;Q13258;sp|Q13258|PD2R_HUMAN;A-alpha;A
66;Q13585;sp|Q13585|MTR1L_HUMAN;A-alpha;A
67;Q13639;sp|Q13639|5HT4R_HUMAN;A-alpha;A
68;Q8NDV2;sp|Q8NDV2|GPR26_HUMAN;A-alpha;A
69;Q92633;sp|Q92633|LPAR1_HUMAN;A-alpha;A
70;Q969N4;sp|Q969N4|TAAR8_HUMAN;A-alpha;A
71;Q96P69;sp|Q96P69|GPR78_HUMAN;A-alpha;A
72;Q96RI8;sp|Q96RI8|TAAR6_HUMAN;A-alpha;A
73;Q96RI9;sp|Q96RI9|TAAR9_HUMAN;A-alpha;A
74;Q96RJ0;sp|Q96RJ0|TAAR1_HUMAN;A-alpha;A
75;Q99500;sp|Q99500|S1PR3_HUMAN;A-alpha;A
76;Q99679;sp|Q99679|GPR21_HUMAN;A-alpha;A
77;Q9BZJ7;sp|Q9BZJ7|GPR62_HUMAN;A-alpha;A
78;Q9BZJ8;sp|Q9BZJ8|GPR61_HUMAN;A-alpha;A
79;Q9H1Y3;sp|Q9H1Y3|OPN3_HUMAN;A-alpha;A
80;Q9H228;sp|Q9H228|S1PR5_HUMAN;A-alpha;A
81;Q9H3N8;sp|Q9H3N8|HRH4_HUMAN;A-alpha;A
82;Q9HBW0;sp|Q9HBW0|LPAR2_HUMAN;A-alpha;A
83;Q9P1P4;sp|Q9P1P4|TAAR3_HUMAN;A-alpha;A
84;Q9P1P5;sp|Q9P1P5|TAAR2_HUMAN;A-alpha;A
85;Q9UBY5;sp|Q9UBY5|LPAR3_HUMAN;A-alpha;A
86;Q9UHM6;sp|Q9UHM6|OPN4_HUMAN;A-alpha;A
87;Q9Y2T5;sp|Q9Y2T5|GPR52_HUMAN;A-alpha;A
88;Q9Y5N1;sp|Q9Y5N1|HRH3_HUMAN;A-alpha;A
89;O15354;sp|O15354|GPR37_HUMAN;A-beta;A
90;O43193;sp|O43193|MTLR_HUMAN;A-beta;A
91;O43613;sp|O43613|OX1R_HUMAN;A-beta;A
92;O43614;sp|O43614|OX2R_HUMAN;A-beta;A
93;O60883;sp|O60883|ETBR2_HUMAN;A-beta;A
94;O95665;sp|O95665|NTR2_HUMAN;A-beta;A
95;P21452;sp|P21452|NK2R_HUMAN;A-beta;A
96;P24530;sp|P24530|EDNRB_HUMAN;A-beta;A
97;P25101;sp|P25101|EDNRA_HUMAN;A-beta;A
98;P25103;sp|P25103|NK1R_HUMAN;A-beta;A
99;P25929;sp|P25929|NPY1R_HUMAN;A-beta;A
100;P28336;sp|P28336|NMBR_HUMAN;A-beta;A
101;P29371;sp|P29371|NK3R_HUMAN;A-beta;A
102;P30518;sp|P30518|V2R_HUMAN;A-beta;A
103;P30550;sp|P30550|GRPR_HUMAN;A-beta;A
104;P30559;sp|P30559|OXYR_HUMAN;A-beta;A
105;P30968;sp|P30968|GNRHR_HUMAN;A-beta;A
106;P30989;sp|P30989|NTR1_HUMAN;A-beta;A
107;P32238;sp|P32238|CCKAR_HUMAN;A-beta;A
108;P32239;sp|P32239|GASR_HUMAN;A-beta;A
109;P32247;sp|P32247|BRS3_HUMAN;A-beta;A
110;P37288;sp|P37288|V1AR_HUMAN;A-beta;A
111;P47901;sp|P47901|V1BR_HUMAN;A-beta;A
112;P49146;sp|P49146|NPY2R_HUMAN;A-beta;A
113;P49683;sp|P49683|PRLHR_HUMAN;A-beta;A
114;P50391;sp|P50391|NPY4R_HUMAN;A-beta;A
115;Q15761;sp|Q15761|NPY5R_HUMAN;A-beta;A
116;Q92847;sp|Q92847|GHSR_HUMAN;A-beta;A
117;Q9GZQ4;sp|Q9GZQ4|NMUR2_HUMAN;A-beta;A
118;Q9GZQ6;sp|Q9GZQ6|NPFF1_HUMAN;A-beta;A
119;Q9HB89;sp|Q9HB89|NMUR1_HUMAN;A-beta;A
120;Q9NYM4;sp|Q9NYM4|GPR83_HUMAN;A-beta;A
121;Q9Y5X5;sp|Q9Y5X5|NPFF2_HUMAN;A-beta;A
122;O00155;sp|O00155|GPR25_HUMAN;A-gamma;A
123;O00421;sp|O00421|CCRL2_HUMAN;A-gamma;A
124;O00574;sp|O00574|CXCR6_HUMAN;A-gamma;A
125;O00590;sp|O00590|ACKR2_HUMAN;A-gamma;A
126;O15218;sp|O15218|GP182_HUMAN;A-gamma;A
127;O43603;sp|O43603|GALR2_HUMAN;A-gamma;A
128;O60755;sp|O60755|GALR3_HUMAN;A-gamma;A
129;O75388;sp|O75388|GPR32_HUMAN;A-gamma;A
130;P21462;sp|P21462|FPR1_HUMAN;A-gamma;A
131;P21730;sp|P21730|C5AR1_HUMAN;A-gamma;A
132;P25024;sp|P25024|CXCR1_HUMAN;A-gamma;A
133;P25025;sp|P25025|CXCR2_HUMAN;A-gamma;A
134;P25089;sp|P25089|FPR3_HUMAN;A-gamma;A
135;P25090;sp|P25090|FPR2_HUMAN;A-gamma;A
136;P25106;sp|P25106|ACKR3_HUMAN;A-gamma;A
137;P30411;sp|P30411|BKRB2_HUMAN;A-gamma;A
138;P30556;sp|P30556|AGTR1_HUMAN;A-gamma;A
139;P30872;sp|P30872|SSR1_HUMAN;A-gamma;A
140;P30874;sp|P30874|SSR2_HUMAN;A-gamma;A
141;P31391;sp|P31391|SSR4_HUMAN;A-gamma;A
142;P32246;sp|P32246|CCR1_HUMAN;A-gamma;A
143;P32248;sp|P32248|CCR7_HUMAN;A-gamma;A
144;P32302;sp|P32302|CXCR5_HUMAN;A-gamma;A
145;P32745;sp|P32745|SSR3_HUMAN;A-gamma;A
146;P35346;sp|P35346|SSR5_HUMAN;A-gamma;A
147;P35372;sp|P35372|OPRM_HUMAN;A-gamma;A
148;P35414;sp|P35414|APJ_HUMAN;A-gamma;A
149;P41143;sp|P41143|OPRD_HUMAN;A-gamma;A
150;P41145;sp|P41145|OPRK_HUMAN;A-gamma;A
151;P41146;sp|P41146|OPRX_HUMAN;A-gamma;A
152;P41597;sp|P41597|CCR2_HUMAN;A-gamma;A
153;P46091;sp|P46091|GPR1_HUMAN;A-gamma;A
154;P46092;sp|P46092|CCR10_HUMAN;A-gamma;A
155;P46094;sp|P46094|XCR1_HUMAN;A-gamma;A
156;P46663;sp|P46663|BKRB1_HUMAN;A-gamma;A
157;P47211;sp|P47211|GALR1_HUMAN;A-gamma;A
158;P48145;sp|P48145|NPBW1_HUMAN;A-gamma;A
159;P48146;sp|P48146|NPBW2_HUMAN;A-gamma;A
160;P49238;sp|P49238|CX3C1_HUMAN;A-gamma;A
161;P49682;sp|P49682|CXCR3_HUMAN;A-gamma;A
162;P49685;sp|P49685|GPR15_HUMAN;A-gamma;A
163;P50052;sp|P50052|AGTR2_HUMAN;A-gamma;A
164;P51677;sp|P51677|CCR3_HUMAN;A-gamma;A
165;P51679;sp|P51679|CCR4_HUMAN;A-gamma;A
166;P51681;sp|P51681|CCR5_HUMAN;A-gamma;A
167;P51684;sp|P51684|CCR6_HUMAN;A-gamma;A
168;P51685;sp|P51685|CCR8_HUMAN;A-gamma;A
169;P51686;sp|P51686|CCR9_HUMAN;A-gamma;A
170;P61073;sp|P61073|CXCR4_HUMAN;A-gamma;A
171;Q15722;sp|Q15722|LT4R1_HUMAN;A-gamma;A
172;Q969F8;sp|Q969F8|KISSR_HUMAN;A-gamma;A
173;Q99788;sp|Q99788|CML1_HUMAN;A-gamma;A
174;Q9NPB9;sp|Q9NPB9|ACKR4_HUMAN;A-gamma;A
175;Q9NPC1;sp|Q9NPC1|LT4R2_HUMAN;A-gamma;A
176;Q9NSD7;sp|Q9NSD7|RL3R1_HUMAN;A-gamma;A
177;Q9P296;sp|Q9P296|C5AR2_HUMAN;A-gamma;A
178;Q9Y5Y4;sp|Q9Y5Y4|PD2R2_HUMAN;A-gamma;A
179;O00254;sp|O00254|PAR3_HUMAN;A-delta;A
180;O00398;sp|O00398|P2Y10_HUMAN;A-delta;A
181;O14626;sp|O14626|GP171_HUMAN;A-delta;A
182;O75473;sp|O75473|LGR5_HUMAN;A-delta;A
183;P04201;sp|P04201|MAS_HUMAN;A-delta;A
184;P16473;sp|P16473|TSHR_HUMAN;A-delta;A
185;P22888;sp|P22888|LSHR_HUMAN;A-delta;A
186;P23945;sp|P23945|FSHR_HUMAN;A-delta;A
187;P25105;sp|P25105|PTAFR_HUMAN;A-delta;A
188;P25116;sp|P25116|PAR1_HUMAN;A-delta;A
189;P32249;sp|P32249|GP183_HUMAN;A-delta;A
190;P34981;sp|P34981|TRFR_HUMAN;A-delta;A
191;P35410;sp|P35410|MAS1L_HUMAN;A-delta;A
192;P41231;sp|P41231|P2RY2_HUMAN;A-delta;A
193;P43657;sp|P43657|LPAR6_HUMAN;A-delta;A
194;P46093;sp|P46093|GPR4_HUMAN;A-delta;A
195;P47804;sp|P47804|RGR_HUMAN;A-delta;A
196;P47900;sp|P47900|P2RY1_HUMAN;A-delta;A
197;P49019;sp|P49019|HCAR3_HUMAN;A-delta;A
198;P51582;sp|P51582|P2RY4_HUMAN;A-delta;A
199;P55085;sp|P55085|PAR2_HUMAN;A-delta;A
200;Q13304;sp|Q13304|GPR17_HUMAN;A-delta;A
201;Q14330;sp|Q14330|GPR18_HUMAN;A-delta;A
202;Q15077;sp|Q15077|P2RY6_HUMAN;A-delta;A
203;Q15391;sp|Q15391|P2Y14_HUMAN;A-delta;A
204;Q15743;sp|Q15743|OGR1_HUMAN;A-delta;A
205;Q16581;sp|Q16581|C3AR_HUMAN;A-delta;A
206;Q8IYL9;sp|Q8IYL9|PSYR_HUMAN;A-delta;A
207;Q8N6U8;sp|Q8N6U8|GP161_HUMAN;A-delta;A
208;Q8TDS4;sp|Q8TDS4|HCAR2_HUMAN;A-delta;A
209;Q8TDS7;sp|Q8TDS7|MRGRD_HUMAN;A-delta;A
210;Q8WXD0;sp|Q8WXD0|RXFP2_HUMAN;A-delta;A
211;Q96AM1;sp|Q96AM1|MRGRF_HUMAN;A-delta;A
212;Q96G91;sp|Q96G91|P2Y11_HUMAN;A-delta;A
213;Q96LA9;sp|Q96LA9|MRGX4_HUMAN;A-delta;A
214;Q96LB0;sp|Q96LB0|MRGX3_HUMAN;A-delta;A
215;Q96LB1;sp|Q96LB1|MRGX2_HUMAN;A-delta;A
216;Q96LB2;sp|Q96LB2|MRGX1_HUMAN;A-delta;A
217;Q96P65;sp|Q96P65|QRFPR_HUMAN;A-delta;A
218;Q96P66;sp|Q96P66|GP101_HUMAN;A-delta;A
219;Q96P68;sp|Q96P68|OXGR1_HUMAN;A-delta;A
220;Q96RI0;sp|Q96RI0|PAR4_HUMAN;A-delta;A
221;Q99677;sp|Q99677|LPAR4_HUMAN;A-delta;A
222;Q9BPV8;sp|Q9BPV8|P2Y13_HUMAN;A-delta;A
223;Q9BXA5;sp|Q9BXA5|SUCR1_HUMAN;A-delta;A
224;Q9BXB1;sp|Q9BXB1|LGR4_HUMAN;A-delta;A
225;Q9BXC0;sp|Q9BXC0|HCAR1_HUMAN;A-delta;A
226;Q9BXC1;sp|Q9BXC1|GP174_HUMAN;A-delta;A
227;Q9BY21;sp|Q9BY21|GPR87_HUMAN;A-delta;A
228;Q9H1C0;sp|Q9H1C0|LPAR5_HUMAN;A-delta;A
229;Q9H244;sp|Q9H244|P2Y12_HUMAN;A-delta;A
230;Q9HBX8;sp|Q9HBX8|LGR6_HUMAN;A-delta;A
231;Q9HBX9;sp|Q9HBX9|RXFP1_HUMAN;A-delta;A
232;Q9HC97;sp|Q9HC97|GPR35_HUMAN;A-delta;A
233;Q9NS75;sp|Q9NS75|CLTR2_HUMAN;A-delta;A
234;Q9UNW8;sp|Q9UNW8|GP132_HUMAN;A-delta;A
235;Q9Y271;sp|Q9Y271|CLTR1_HUMAN;A-delta;A
236;Q9Y2T6;sp|Q9Y2T6|GPR55_HUMAN;A-delta;A
237;P30988;sp|P30988|CALCR_HUMAN;B;B
238;Q16602;sp|Q16602|CALRL_HUMAN;B;B
239;P34998;sp|P34998|CRFR1_HUMAN;B;B
240;Q13324;sp|Q13324|CRFR2_HUMAN;B;B
241;P47871;sp|P47871|GLR_HUMAN;B;B
242;Q02643;sp|Q02643|GHRHR_HUMAN;B;B
243;P48546;sp|P48546|GIPR_HUMAN;B;B
244;P43220;sp|P43220|GLP1R_HUMAN;B;B
245;O95838;sp|O95838|GLP2R_HUMAN;B;B
246;P41586;sp|P41586|PACR_HUMAN;B;B
247;Q03431;sp|Q03431|PTH1R_HUMAN;B;B
248;P49190;sp|P49190|PTH2R_HUMAN;B;B
249;P47872;sp|P47872|SCTR_HUMAN;B;B
250;P32241;sp|P32241|VIPR1_HUMAN;B;B
251;P41587;sp|P41587|VIPR2_HUMAN;B;B
252;Q5UAW9;sp|Q5UAW9|GP157_HUMAN;B;B
253;P41180;sp|P41180|CASR_HUMAN;C;C
254;Q9UBS5;sp|Q9UBS5|GABR1_HUMAN;C;C
255;O75899;sp|O75899|GABR2_HUMAN;C;C
256;Q13255;sp|Q13255|GRM1_HUMAN;C;C
257;Q14416;sp|Q14416|GRM2_HUMAN;C;C
258;Q14832;sp|Q14832|GRM3_HUMAN;C;C
259;Q14833;sp|Q14833|GRM4_HUMAN;C;C
260;P41594;sp|P41594|GRM5_HUMAN;C;C
261;O15303;sp|O15303|GRM6_HUMAN;C;C
262;Q14831;sp|Q14831|GRM7_HUMAN;C;C
263;O00222;sp|O00222|GRM8_HUMAN;C;C
264;Q5T6X5;sp|Q5T6X5|GPC6A_HUMAN;C;C
265;Q7RTX1;sp|Q7RTX1|TS1R1_HUMAN;C;C
266;Q8TE23;sp|Q8TE23|TS1R2_HUMAN;C;C
267;Q7RTX0;sp|Q7RTX0|TS1R3_HUMAN;C;C
268;Q9NZH0;sp|Q9NZH0|GPC5B_HUMAN;C;C
269;Q9NQ84;sp|Q9NQ84|GPC5C_HUMAN;C;C
270;Q9NZD1;sp|Q9NZD1|GPC5D_HUMAN;C;C
271;Q8NFN8;sp|Q8NFN8|GP156_HUMAN;C;C
272;Q5T848;sp|Q5T848|GP158_HUMAN;C;C
273;Q6PRD1;sp|Q6PRD1|GP179_HUMAN;C;C
274;Q8NFJ5;sp|Q8NFJ5|RAI3_HUMAN;C;C
275;O00144;sp|O00144|FZD9_HUMAN;F;F
276;O60353;sp|O60353|FZD6_HUMAN;F;F
277;O75084;sp|O75084|FZD7_HUMAN;F;F
278;Q13467;sp|Q13467|FZD5_HUMAN;F;F
279;Q14332;sp|Q14332|FZD2_HUMAN;F;F
280;Q99835;sp|Q99835|SMO_HUMAN;F;F
281;Q9H461;sp|Q9H461|FZD8_HUMAN;F;F
282;Q9NPG1;sp|Q9NPG1|FZD3_HUMAN;F;F
283;Q9ULV1;sp|Q9ULV1|FZD4_HUMAN;F;F
284;Q9ULW2;sp|Q9ULW2|FZD10_HUMAN;F;F
285;Q9UP38;sp|Q9UP38|FZD1_HUMAN;F;F
286;Q14439;sp|Q14439|GP176_HUMAN;A-other;A
287;Q9UKP6;sp|Q9UKP6|UR2R_HUMAN;A-other;A
288;Q15760;sp|Q15760|GPR19_HUMAN;A-other;A
289;Q99678;sp|Q99678|GPR20_HUMAN;A-other;A
290;Q99680;sp|Q99680|GPR22_HUMAN;A-other;A
291;Q99527;sp|Q99527|GPER1_HUMAN;A-other;A
292;O00270;sp|O00270|GPR31_HUMAN;A-other;A
293;Q9UPC5;sp|Q9UPC5|GPR34_HUMAN;A-other;A
294;O14842;sp|O14842|FFAR1_HUMAN;A-other;A
295;O14843;sp|O14843|FFAR3_HUMAN;A-other;A
296;O15552;sp|O15552|FFAR2_HUMAN;A-other;A
297;O43194;sp|O43194|GPR39_HUMAN;A-other;A
298;Q9BZJ6;sp|Q9BZJ6|GPR63_HUMAN;A-other;A
299;O95800;sp|O95800|GPR75_HUMAN;A-other;A
300;Q9NQS5;sp|Q9NQS5|GPR84_HUMAN;A-other;A
301;Q49SQ1;sp|Q49SQ1|GPR33_HUMAN;A-other;A
302;Q9Y5Y3;sp|Q9Y5Y3|GPR45_HUMAN;A-other;A
303;Q9GZN0;sp|Q9GZN0|GPR88_HUMAN;A-other;A
304;Q8IZ08;sp|Q8IZ08|GP135_HUMAN;A-other;A
305;Q6DWJ6;sp|Q6DWJ6|GP139_HUMAN;A-other;A
306;Q7Z602;sp|Q7Z602|GP141_HUMAN;A-other;A
307;Q7Z601;sp|Q7Z601|GP142_HUMAN;A-other;A
308;Q96CH1;sp|Q96CH1|GP146_HUMAN;A-other;A
309;Q8TDV2;sp|Q8TDV2|GP148_HUMAN;A-other;A
310;Q86SP6;sp|Q86SP6|GP149_HUMAN;A-other;A
311;Q8NGU9;sp|Q8NGU9|GP150_HUMAN;A-other;A
312;Q8TDV0;sp|Q8TDV0|GP151_HUMAN;A-other;A
313;Q8TDT2;sp|Q8TDT2|GP152_HUMAN;A-other;A
314;Q6NV75;sp|Q6NV75|GP153_HUMAN;A-other;A
315;Q9UJ42;sp|Q9UJ42|GP160_HUMAN;A-other;A
316;Q16538;sp|Q16538|GP162_HUMAN;A-other;A
317;Q6U736;sp|Q6U736|OPN5_HUMAN;A-other;A
318;Q86VZ1;sp|Q86VZ1|P2RY8_HUMAN;A-other;A
319;Q5NUL3;sp|Q5NUL3|FFAR4_HUMAN;A-other;A
320;O15529;sp|O15529|GPR42_HUMAN;A-other;A
321;Q8TDS5;sp|Q8TDS5|OXER1_HUMAN;A-other;A
322;Q99705;sp|Q99705|MCHR1_HUMAN;A-other;A
323;Q969V1;sp|Q969V1|MCHR2_HUMAN;A-other;A
324;Q6W5P4;sp|Q6W5P4|NPSR1_HUMAN;A-other;A
325;Q8TCW9;sp|Q8TCW9|PKR1_HUMAN;A-other;A
326;Q8NFJ6;sp|Q8NFJ6|PKR2_HUMAN;A-other;A
327;Q8TDU9;sp|Q8TDU9|RL3R2_HUMAN;A-other;A
328;Q8TDV5;sp|Q8TDV5|GP119_HUMAN;A-other;A
329;Q96P67;sp|Q96P67|GPR82_HUMAN;A-other;A
330;Q8TDU6;sp|Q8TDU6|GPBAR_HUMAN;A-other;A
331;Q16570;sp|Q16570|ACKR1_HUMAN;A-other;A
332;Q86SM8;sp|Q86SM8|MRGRE_HUMAN;A-other;A
333;Q9NS66;sp|Q9NS66|GP173_HUMAN;A-other;A
334;Q9NS67;sp|Q9NS67|GPR27_HUMAN;A-other;A
335;P60893;sp|P60893|GPR85_HUMAN;A-other;A
336;Q86SM5;sp|Q86SM5|MRGRG_HUMAN;A-other;A
337;Q8TCB6;sp|Q8TCB6|O51E1_HUMAN;Olfactory;A
338;Q9P1Q5;sp|Q9P1Q5|OR1A1_HUMAN;Olfactory;A
339;P34982;sp|P34982|OR1D2_HUMAN;Olfactory;A
340;P47890;sp|P47890|OR1G1_HUMAN;Olfactory;A
341;P47881;sp|P47881|OR3A1_HUMAN;Olfactory;A
342;Q8NGJ5;sp|Q8NGJ5|O51L1_HUMAN;Olfactory;A
343;Q8NH74;sp|Q8NH74|O10A6_HUMAN;Olfactory;A
344;A4D2G3;sp|A4D2G3|O2A25_HUMAN;Olfactory;A
345;Q8NHB7;sp|Q8NHB7|OR5K1_HUMAN;Olfactory;A
346;Q9H208;sp|Q9H208|O10A2_HUMAN;Olfactory;A
347;P58181;sp|P58181|O10A3_HUMAN;Olfactory;A
348;Q9H209;sp|Q9H209|O10A4_HUMAN;Olfactory;A
349;Q9H207;sp|Q9H207|O10A5_HUMAN;Olfactory;A
350;Q8NGE5;sp|Q8NGE5|O10A7_HUMAN;Olfactory;A
351;Q8NGE0;sp|Q8NGE0|O10AD_HUMAN;Olfactory;A
352;Q8NH19;sp|Q8NH19|O10AG_HUMAN;Olfactory;A
353;Q96KK4;sp|Q96KK4|O10C1_HUMAN;Olfactory;A
354;Q8NGC3;sp|Q8NGC3|O10G2_HUMAN;Olfactory;A
355;Q8NGC4;sp|Q8NGC4|O10G3_HUMAN;Olfactory;A
356;Q8NGN3;sp|Q8NGN3|O10G4_HUMAN;Olfactory;A
357;Q8NH81;sp|Q8NH81|O10G6_HUMAN;Olfactory;A
358;Q8NGN6;sp|Q8NGN6|O10G7_HUMAN;Olfactory;A
359;Q8NGN5;sp|Q8NGN5|O10G8_HUMAN;Olfactory;A
360;Q8NGN4;sp|Q8NGN4|O10G9_HUMAN;Olfactory;A
361;Q9Y4A9;sp|Q9Y4A9|O10H1_HUMAN;Olfactory;A
362;O60403;sp|O60403|O10H2_HUMAN;Olfactory;A
363;O60404;sp|O60404|O10H3_HUMAN;Olfactory;A
364;Q8NGA5;sp|Q8NGA5|O10H4_HUMAN;Olfactory;A
365;Q8NGA6;sp|Q8NGA6|O10H5_HUMAN;Olfactory;A
366;P30954;sp|P30954|O10J1_HUMAN;Olfactory;A
367;Q5JRS4;sp|Q5JRS4|O10J3_HUMAN;Olfactory;A
368;P0C629;sp|P0C629|O10J4_HUMAN;Olfactory;A
369;Q8NHC4;sp|Q8NHC4|O10J5_HUMAN;Olfactory;A
370;Q8NGX5;sp|Q8NGX5|O10K1_HUMAN;Olfactory;A
371;Q6IF99;sp|Q6IF99|O10K2_HUMAN;Olfactory;A
372;Q8NGE3;sp|Q8NGE3|O10P1_HUMAN;Olfactory;A
373;Q8NGQ4;sp|Q8NGQ4|O10Q1_HUMAN;Olfactory;A
374;Q8NGX6;sp|Q8NGX6|O10R2_HUMAN;Olfactory;A
375;Q8NGN2;sp|Q8NGN2|O10S1_HUMAN;Olfactory;A
376;Q8NGX3;sp|Q8NGX3|O10T2_HUMAN;Olfactory;A
377;Q8NGI7;sp|Q8NGI7|O10V1_HUMAN;Olfactory;A
378;Q8NGF6;sp|Q8NGF6|O10W1_HUMAN;Olfactory;A
379;Q8NGY0;sp|Q8NGY0|O10X1_HUMAN;Olfactory;A
380;Q8NGY1;sp|Q8NGY1|O10Z1_HUMAN;Olfactory;A
381;Q9GZK7;sp|Q9GZK7|O11A1_HUMAN;Olfactory;A
382;Q8NGC1;sp|Q8NGC1|O11G2_HUMAN;Olfactory;A
383;Q8NG94;sp|Q8NG94|O11H1_HUMAN;Olfactory;A
384;B2RN74;sp|B2RN74|O11HC_HUMAN;Olfactory;A
385;Q8NH07;sp|Q8NH07|O11H2_HUMAN;Olfactory;A
386;Q8NGC9;sp|Q8NGC9|O11H4_HUMAN;Olfactory;A
387;Q8NGC7;sp|Q8NGC7|O11H6_HUMAN;Olfactory;A
388;Q8NGC8;sp|Q8NGC8|O11H7_HUMAN;Olfactory;A
389;Q8NGX0;sp|Q8NGX0|O11L1_HUMAN;Olfactory;A
390;P58182;sp|P58182|O12D2_HUMAN;Olfactory;A
391;Q9UGF7;sp|Q9UGF7|O12D3_HUMAN;Olfactory;A
392;Q8NGR1;sp|Q8NGR1|O13A1_HUMAN;Olfactory;A
393;Q8NGS9;sp|Q8NGS9|O13C2_HUMAN;Olfactory;A
394;Q8NGS6;sp|Q8NGS6|O13C3_HUMAN;Olfactory;A
395;Q8NGS5;sp|Q8NGS5|O13C4_HUMAN;Olfactory;A
396;Q8NGS8;sp|Q8NGS8|O13C5_HUMAN;Olfactory;A
397;Q8NGS7;sp|Q8NGS7|O13C8_HUMAN;Olfactory;A
398;Q8NGT0;sp|Q8NGT0|O13C9_HUMAN;Olfactory;A
399;Q8NGV5;sp|Q8NGV5|O13D1_HUMAN;Olfactory;A
400;Q8NGS4;sp|Q8NGS4|O13F1_HUMAN;Olfactory;A
401;Q8NGZ3;sp|Q8NGZ3|O13G1_HUMAN;Olfactory;A
402;Q8NG92;sp|Q8NG92|O13H1_HUMAN;Olfactory;A
403;Q8NGT2;sp|Q8NGT2|O13J1_HUMAN;Olfactory;A
404;Q8NHC5;sp|Q8NHC5|O14AG_HUMAN;Olfactory;A
405;Q96R54;sp|Q96R54|O14A2_HUMAN;Olfactory;A
406;Q8NHC7;sp|Q8NHC7|O14CZ_HUMAN;Olfactory;A
407;A6ND48;sp|A6ND48|O14I1_HUMAN;Olfactory;A
408;Q9UGF5;sp|Q9UGF5|O14J1_HUMAN;Olfactory;A
409;Q8NGZ2;sp|Q8NGZ2|O14K1_HUMAN;Olfactory;A
410;Q9Y585;sp|Q9Y585|OR1A2_HUMAN;Olfactory;A
411;Q8NGR6;sp|Q8NGR6|OR1B1_HUMAN;Olfactory;A
412;Q15619;sp|Q15619|OR1C1_HUMAN;Olfactory;A
413;P47884;sp|P47884|OR1D4_HUMAN;Olfactory;A
414;P58170;sp|P58170|OR1D5_HUMAN;Olfactory;A
415;P30953;sp|P30953|OR1E1_HUMAN;Olfactory;A
416;P47887;sp|P47887|OR1E2_HUMAN;Olfactory;A
417;Q8WZA6;sp|Q8WZA6|OR1E3_HUMAN;Olfactory;A
418;O43749;sp|O43749|OR1F1_HUMAN;Olfactory;A
419;Q8NHA8;sp|Q8NHA8|OR1FC_HUMAN;Olfactory;A
420;O60431;sp|O60431|OR1I1_HUMAN;Olfactory;A
421;Q8NGS3;sp|Q8NGS3|OR1J1_HUMAN;Olfactory;A
422;Q8NGS2;sp|Q8NGS2|OR1J2_HUMAN;Olfactory;A
423;Q8NGS1;sp|Q8NGS1|OR1J4_HUMAN;Olfactory;A
424;Q8NGR3;sp|Q8NGR3|OR1K1_HUMAN;Olfactory;A
425;Q8NH94;sp|Q8NH94|OR1L1_HUMAN;Olfactory;A
426;Q8NH93;sp|Q8NH93|OR1L3_HUMAN;Olfactory;A
427;Q8NGR5;sp|Q8NGR5|OR1L4_HUMAN;Olfactory;A
428;Q8NGR2;sp|Q8NGR2|OR1L6_HUMAN;Olfactory;A
429;Q8NGR8;sp|Q8NGR8|OR1L8_HUMAN;Olfactory;A
430;Q8NGA1;sp|Q8NGA1|OR1M1_HUMAN;Olfactory;A
431;Q8NGS0;sp|Q8NGS0|OR1N1_HUMAN;Olfactory;A
432;Q8NGR9;sp|Q8NGR9|OR1N2_HUMAN;Olfactory;A
433;Q8NH06;sp|Q8NH06|OR1P1_HUMAN;Olfactory;A
434;Q15612;sp|Q15612|OR1Q1_HUMAN;Olfactory;A
435;Q8NH92;sp|Q8NH92|OR1S1_HUMAN;Olfactory;A
436;Q8NGQ3;sp|Q8NGQ3|OR1S2_HUMAN;Olfactory;A
437;Q8NGT9;sp|Q8NGT9|OR2A1_HUMAN;Olfactory;A
438;Q8NGT7;sp|Q8NGT7|O2A12_HUMAN;Olfactory;A
439;Q96R47;sp|Q96R47|O2A14_HUMAN;Olfactory;A
440;Q6IF42;sp|Q6IF42|OR2A2_HUMAN;Olfactory;A
441;O95047;sp|O95047|OR2A4_HUMAN;Olfactory;A
442;Q96R48;sp|Q96R48|OR2A5_HUMAN;Olfactory;A
443;Q96R45;sp|Q96R45|OR2A7_HUMAN;Olfactory;A
444;Q8NHA4;sp|Q8NHA4|O2AE1_HUMAN;Olfactory;A
445;Q9H205;sp|Q9H205|O2AG1_HUMAN;Olfactory;A
446;A6NM03;sp|A6NM03|O2AG2_HUMAN;Olfactory;A
447;Q8NGZ0;sp|Q8NGZ0|O2AJ1_HUMAN;Olfactory;A
448;Q8NG84;sp|Q8NG84|O2AK2_HUMAN;Olfactory;A
449;Q8NGE2;sp|Q8NGE2|O2AP1_HUMAN;Olfactory;A
450;A6NND4;sp|A6NND4|O2AT4_HUMAN;Olfactory;A
451;Q5JQS5;sp|Q5JQS5|OR2BB_HUMAN;Olfactory;A
452;Q9GZK3;sp|Q9GZK3|OR2B2_HUMAN;Olfactory;A
453;P58173;sp|P58173|OR2B6_HUMAN;Olfactory;A
454;O95371;sp|O95371|OR2C1_HUMAN;Olfactory;A
455;Q8N628;sp|Q8N628|OR2C3_HUMAN;Olfactory;A
456;Q9H210;sp|Q9H210|OR2D2_HUMAN;Olfactory;A
457;Q8NGH3;sp|Q8NGH3|OR2D3_HUMAN;Olfactory;A
458;Q13607;sp|Q13607|OR2F1_HUMAN;Olfactory;A
459;O95006;sp|O95006|OR2F2_HUMAN;Olfactory;A
460;Q8NGZ5;sp|Q8NGZ5|OR2G2_HUMAN;Olfactory;A
461;Q8NGZ4;sp|Q8NGZ4|OR2G3_HUMAN;Olfactory;A
462;Q5TZ20;sp|Q5TZ20|OR2G6_HUMAN;Olfactory;A
463;Q9GZK4;sp|Q9GZK4|OR2H1_HUMAN;Olfactory;A
464;O95918;sp|O95918|OR2H2_HUMAN;Olfactory;A
465;Q9GZK6;sp|Q9GZK6|OR2J1_HUMAN;Olfactory;A
466;O76002;sp|O76002|OR2J2_HUMAN;Olfactory;A
467;O76001;sp|O76001|OR2J3_HUMAN;Olfactory;A
468;Q8NGT1;sp|Q8NGT1|OR2K2_HUMAN;Olfactory;A
469;Q8N349;sp|Q8N349|OR2LD_HUMAN;Olfactory;A
470;Q8NH16;sp|Q8NH16|OR2L2_HUMAN;Olfactory;A
471;Q8NG85;sp|Q8NG85|OR2L3_HUMAN;Olfactory;A
472;Q8NG80;sp|Q8NG80|OR2L5_HUMAN;Olfactory;A
473;Q8NGY9;sp|Q8NGY9|OR2L8_HUMAN;Olfactory;A
474;Q96R28;sp|Q96R28|OR2M2_HUMAN;Olfactory;A
475;Q8NG83;sp|Q8NG83|OR2M3_HUMAN;Olfactory;A
476;Q96R27;sp|Q96R27|OR2M4_HUMAN;Olfactory;A
477;A3KFT3;sp|A3KFT3|OR2M5_HUMAN;Olfactory;A
478;Q8NG81;sp|Q8NG81|OR2M7_HUMAN;Olfactory;A
479;Q9NQN1;sp|Q9NQN1|OR2S1_HUMAN;Olfactory;A
480;O43869;sp|O43869|OR2T1_HUMAN;Olfactory;A
481;Q8NGZ9;sp|Q8NGZ9|O2T10_HUMAN;Olfactory;A
482;Q8NH01;sp|Q8NH01|O2T11_HUMAN;Olfactory;A
483;Q8NG77;sp|Q8NG77|O2T12_HUMAN;Olfactory;A
484;Q6IF00;sp|Q6IF00|OR2T2_HUMAN;Olfactory;A
485;Q8NH04;sp|Q8NH04|O2T27_HUMAN;Olfactory;A
486;Q8NH02;sp|Q8NH02|O2T29_HUMAN;Olfactory;A
487;Q8NH03;sp|Q8NH03|OR2T3_HUMAN;Olfactory;A
488;Q8NG76;sp|Q8NG76|O2T33_HUMAN;Olfactory;A
489;Q8NGX1;sp|Q8NGX1|O2T34_HUMAN;Olfactory;A
490;Q8NGX2;sp|Q8NGX2|O2T35_HUMAN;Olfactory;A
491;Q8NH00;sp|Q8NH00|OR2T4_HUMAN;Olfactory;A
492;Q6IEZ7;sp|Q6IEZ7|OR2T5_HUMAN;Olfactory;A
493;Q8NHC8;sp|Q8NHC8|OR2T6_HUMAN;Olfactory;A
494;P0C7T2;sp|P0C7T2|OR2T7_HUMAN;Olfactory;A
495;A6NH00;sp|A6NH00|OR2T8_HUMAN;Olfactory;A
496;Q8NHB1;sp|Q8NHB1|OR2V1_HUMAN;Olfactory;A
497;Q96R30;sp|Q96R30|OR2V2_HUMAN;Olfactory;A
498;Q9Y3N9;sp|Q9Y3N9|OR2W1_HUMAN;Olfactory;A
499;Q7Z3T1;sp|Q7Z3T1|OR2W3_HUMAN;Olfactory;A
500;Q8NGV0;sp|Q8NGV0|OR2Y1_HUMAN;Olfactory;A
501;Q8NG97;sp|Q8NG97|OR2Z1_HUMAN;Olfactory;A
502;P47893;sp|P47893|OR3A2_HUMAN;Olfactory;A
503;P47888;sp|P47888|OR3A3_HUMAN;Olfactory;A
504;Q8NGL6;sp|Q8NGL6|O4A15_HUMAN;Olfactory;A
505;Q8NH70;sp|Q8NH70|O4A16_HUMAN;Olfactory;A
506;Q6IF82;sp|Q6IF82|O4A47_HUMAN;Olfactory;A
507;Q8NH83;sp|Q8NH83|OR4A5_HUMAN;Olfactory;A
508;Q8NGF8;sp|Q8NGF8|OR4B1_HUMAN;Olfactory;A
509;Q6IEV9;sp|Q6IEV9|OR4CB_HUMAN;Olfactory;A
510;Q96R67;sp|Q96R67|OR4CC_HUMAN;Olfactory;A
511;Q8NGP0;sp|Q8NGP0|OR4CD_HUMAN;Olfactory;A
512;Q8NGM1;sp|Q8NGM1|OR4CF_HUMAN;Olfactory;A
513;Q8NGL9;sp|Q8NGL9|OR4CG_HUMAN;Olfactory;A
514;Q8NH37;sp|Q8NH37|OR4C3_HUMAN;Olfactory;A
515;A6NMZ5;sp|A6NMZ5|O4C45_HUMAN;Olfactory;A
516;A6NHA9;sp|A6NHA9|O4C46_HUMAN;Olfactory;A
517;Q8NGB2;sp|Q8NGB2|OR4C5_HUMAN;Olfactory;A
518;Q8NH72;sp|Q8NH72|OR4C6_HUMAN;Olfactory;A
519;Q15615;sp|Q15615|OR4D1_HUMAN;Olfactory;A
520;Q8NGI6;sp|Q8NGI6|OR4DA_HUMAN;Olfactory;A
521;Q8NGI4;sp|Q8NGI4|OR4DB_HUMAN;Olfactory;A
522;P58180;sp|P58180|OR4D2_HUMAN;Olfactory;A
523;Q8NGN0;sp|Q8NGN0|OR4D5_HUMAN;Olfactory;A
524;Q8NGJ1;sp|Q8NGJ1|OR4D6_HUMAN;Olfactory;A
525;Q8NGE8;sp|Q8NGE8|OR4D9_HUMAN;Olfactory;A
526;P0C645;sp|P0C645|OR4E1_HUMAN;Olfactory;A
527;Q8NGC2;sp|Q8NGC2|OR4E2_HUMAN;Olfactory;A
528;Q8NGB8;sp|Q8NGB8|O4F15_HUMAN;Olfactory;A
529;Q8NGA8;sp|Q8NGA8|O4F17_HUMAN;Olfactory;A
530;O95013;sp|O95013|O4F21_HUMAN;Olfactory;A
531;Q6IEY1;sp|Q6IEY1|OR4F3_HUMAN;Olfactory;A
532;Q96R69;sp|Q96R69|OR4F4_HUMAN;Olfactory;A
533;Q8NH21;sp|Q8NH21|OR4F5_HUMAN;Olfactory;A
534;Q8NGB9;sp|Q8NGB9|OR4F6_HUMAN;Olfactory;A
535;Q8NGD4;sp|Q8NGD4|OR4K1_HUMAN;Olfactory;A
536;Q8NH42;sp|Q8NH42|OR4KD_HUMAN;Olfactory;A
537;Q8NGD5;sp|Q8NGD5|OR4KE_HUMAN;Olfactory;A
538;Q8NH41;sp|Q8NH41|OR4KF_HUMAN;Olfactory;A
539;Q8NGC6;sp|Q8NGC6|OR4KH_HUMAN;Olfactory;A
540;Q8NGD2;sp|Q8NGD2|OR4K2_HUMAN;Olfactory;A
541;Q96R72;sp|Q96R72|OR4K3_HUMAN;Olfactory;A
542;Q8NGD3;sp|Q8NGD3|OR4K5_HUMAN;Olfactory;A
543;Q8NH43;sp|Q8NH43|OR4L1_HUMAN;Olfactory;A
544;Q8NGD0;sp|Q8NGD0|OR4M1_HUMAN;Olfactory;A
545;Q8NGB6;sp|Q8NGB6|OR4M2_HUMAN;Olfactory;A
546;Q8NGD1;sp|Q8NGD1|OR4N2_HUMAN;Olfactory;A
547;Q8N0Y3;sp|Q8N0Y3|OR4N4_HUMAN;Olfactory;A
548;Q8IXE1;sp|Q8IXE1|OR4N5_HUMAN;Olfactory;A
549;Q8NGL7;sp|Q8NGL7|OR4P4_HUMAN;Olfactory;A
550;P0C623;sp|P0C623|OR4Q2_HUMAN;Olfactory;A
551;Q8NH05;sp|Q8NH05|OR4Q3_HUMAN;Olfactory;A
552;Q8NGB4;sp|Q8NGB4|OR4S1_HUMAN;Olfactory;A
553;Q8NH73;sp|Q8NH73|OR4S2_HUMAN;Olfactory;A
554;Q8NH49;sp|Q8NH49|OR4X1_HUMAN;Olfactory;A
555;Q8NGF9;sp|Q8NGF9|OR4X2_HUMAN;Olfactory;A
556;Q8NGJ7;sp|Q8NGJ7|O51A2_HUMAN;Olfactory;A
557;Q8NGJ6;sp|Q8NGJ6|O51A4_HUMAN;Olfactory;A
558;Q8NH64;sp|Q8NH64|O51A7_HUMAN;Olfactory;A
559;Q9Y5P1;sp|Q9Y5P1|O51B2_HUMAN;Olfactory;A
560;Q9Y5P0;sp|Q9Y5P0|O51B4_HUMAN;Olfactory;A
561;Q9H339;sp|Q9H339|O51B5_HUMAN;Olfactory;A
562;Q9H340;sp|Q9H340|O51B6_HUMAN;Olfactory;A
563;Q8NGF3;sp|Q8NGF3|O51D1_HUMAN;Olfactory;A
564;Q9H255;sp|Q9H255|O51E2_HUMAN;Olfactory;A
565;A6NGY5;sp|A6NGY5|O51F1_HUMAN;Olfactory;A
566;Q8NH61;sp|Q8NH61|O51F2_HUMAN;Olfactory;A
567;Q8NGK1;sp|Q8NGK1|O51G1_HUMAN;Olfactory;A
568;Q8NGK0;sp|Q8NGK0|O51G2_HUMAN;Olfactory;A
569;Q9H343;sp|Q9H343|O51I1_HUMAN;Olfactory;A
570;Q9H344;sp|Q9H344|O51I2_HUMAN;Olfactory;A
571;Q9H342;sp|Q9H342|O51J1_HUMAN;Olfactory;A
572;Q8NH59;sp|Q8NH59|O51Q1_HUMAN;Olfactory;A
573;Q8NGJ8;sp|Q8NGJ8|O51S1_HUMAN;Olfactory;A
574;Q8NGJ9;sp|Q8NGJ9|O51T1_HUMAN;Olfactory;A
575;Q9H2C8;sp|Q9H2C8|O51V1_HUMAN;Olfactory;A
576;Q9UKL2;sp|Q9UKL2|O52A1_HUMAN;Olfactory;A
577;Q9H2C5;sp|Q9H2C5|O52A5_HUMAN;Olfactory;A
578;Q96RD2;sp|Q96RD2|O52B2_HUMAN;Olfactory;A
579;Q8NGK2;sp|Q8NGK2|O52B4_HUMAN;Olfactory;A
580;Q8NGF0;sp|Q8NGF0|O52B6_HUMAN;Olfactory;A
581;Q9H346;sp|Q9H346|O52D1_HUMAN;Olfactory;A
582;Q8NGJ3;sp|Q8NGJ3|O52E1_HUMAN;Olfactory;A
583;Q8NGJ4;sp|Q8NGJ4|O52E2_HUMAN;Olfactory;A
584;Q8NGH9;sp|Q8NGH9|O52E4_HUMAN;Olfactory;A
585;Q8NH55;sp|Q8NH55|O52E5_HUMAN;Olfactory;A
586;Q96RD3;sp|Q96RD3|O52E6_HUMAN;Olfactory;A
587;Q6IFG1;sp|Q6IFG1|O52E8_HUMAN;Olfactory;A
588;Q8NGJ2;sp|Q8NGJ2|O52H1_HUMAN;Olfactory;A
589;Q8NGK6;sp|Q8NGK6|O52I1_HUMAN;Olfactory;A
590;Q8NH67;sp|Q8NH67|O52I2_HUMAN;Olfactory;A
591;Q8NH60;sp|Q8NH60|O52J3_HUMAN;Olfactory;A
592;Q8NGK4;sp|Q8NGK4|O52K1_HUMAN;Olfactory;A
593;Q8NGK3;sp|Q8NGK3|O52K2_HUMAN;Olfactory;A
594;Q8NGH7;sp|Q8NGH7|O52L1_HUMAN;Olfactory;A
595;Q8NGK5;sp|Q8NGK5|O52M1_HUMAN;Olfactory;A
596;Q8NH53;sp|Q8NH53|O52N1_HUMAN;Olfactory;A
597;Q8NGI0;sp|Q8NGI0|O52N2_HUMAN;Olfactory;A
598;Q8NGI2;sp|Q8NGI2|O52N4_HUMAN;Olfactory;A
599;Q8NH56;sp|Q8NH56|O52N5_HUMAN;Olfactory;A
600;Q8NGF1;sp|Q8NGF1|O52R1_HUMAN;Olfactory;A
601;Q6IF63;sp|Q6IF63|O52W1_HUMAN;Olfactory;A
602;P0C646;sp|P0C646|O52Z1_HUMAN;Olfactory;A
603;Q8NGH5;sp|Q8NGH5|O56A1_HUMAN;Olfactory;A
604;Q8NH54;sp|Q8NH54|O56A3_HUMAN;Olfactory;A
605;Q8NGH8;sp|Q8NGH8|O56A4_HUMAN;Olfactory;A
606;P0C7T3;sp|P0C7T3|O56A5_HUMAN;Olfactory;A
607;Q8NGI3;sp|Q8NGI3|O56B1_HUMAN;Olfactory;A
608;Q8NH76;sp|Q8NH76|O56B4_HUMAN;Olfactory;A
609;Q8NGJ0;sp|Q8NGJ0|OR5A1_HUMAN;Olfactory;A
610;Q8NGI9;sp|Q8NGI9|OR5A2_HUMAN;Olfactory;A
611;P0C628;sp|P0C628|O5AC1_HUMAN;Olfactory;A
612;Q9NZP5;sp|Q9NZP5|O5AC2_HUMAN;Olfactory;A
613;Q8NH90;sp|Q8NH90|O5AK2_HUMAN;Olfactory;A
614;P0C617;sp|P0C617|O5AL1_HUMAN;Olfactory;A
615;Q8NGI8;sp|Q8NGI8|O5AN1_HUMAN;Olfactory;A
616;Q8NGF4;sp|Q8NGF4|O5AP2_HUMAN;Olfactory;A
617;Q8NGP9;sp|Q8NGP9|O5AR1_HUMAN;Olfactory;A
618;Q8N127;sp|Q8N127|O5AS1_HUMAN;Olfactory;A
619;Q8NGC0;sp|Q8NGC0|O5AU1_HUMAN;Olfactory;A
620;Q96R08;sp|Q96R08|OR5BC_HUMAN;Olfactory;A
621;Q8NGF7;sp|Q8NGF7|OR5BH_HUMAN;Olfactory;A
622;Q96R09;sp|Q96R09|OR5B2_HUMAN;Olfactory;A
623;A6NL26;sp|A6NL26|OR5BL_HUMAN;Olfactory;A
624;Q8NH48;sp|Q8NH48|OR5B3_HUMAN;Olfactory;A
625;Q8NGR4;sp|Q8NGR4|OR5C1_HUMAN;Olfactory;A
626;Q8NGL4;sp|Q8NGL4|OR5DD_HUMAN;Olfactory;A
627;Q8NGL3;sp|Q8NGL3|OR5DE_HUMAN;Olfactory;A
628;Q8NGK9;sp|Q8NGK9|OR5DG_HUMAN;Olfactory;A
629;Q8NGL1;sp|Q8NGL1|OR5DI_HUMAN;Olfactory;A
630;O95221;sp|O95221|OR5F1_HUMAN;Olfactory;A
631;P0C626;sp|P0C626|OR5G3_HUMAN;Olfactory;A
632;A6NKK0;sp|A6NKK0|OR5H1_HUMAN;Olfactory;A
633;A6NHG9;sp|A6NHG9|O5H14_HUMAN;Olfactory;A
634;A6NDH6;sp|A6NDH6|O5H15_HUMAN;Olfactory;A
635;Q8NGV7;sp|Q8NGV7|OR5H2_HUMAN;Olfactory;A
636;Q8NGV6;sp|Q8NGV6|OR5H6_HUMAN;Olfactory;A
637;Q13606;sp|Q13606|OR5I1_HUMAN;Olfactory;A
638;Q8NH18;sp|Q8NH18|OR5J2_HUMAN;Olfactory;A
639;Q8NHB8;sp|Q8NHB8|OR5K2_HUMAN;Olfactory;A
640;A6NET4;sp|A6NET4|OR5K3_HUMAN;Olfactory;A
641;A6NMS3;sp|A6NMS3|OR5K4_HUMAN;Olfactory;A
642;Q8NGL2;sp|Q8NGL2|OR5L1_HUMAN;Olfactory;A
643;Q8NGL0;sp|Q8NGL0|OR5L2_HUMAN;Olfactory;A
644;Q8NGP8;sp|Q8NGP8|OR5M1_HUMAN;Olfactory;A
645;Q6IEU7;sp|Q6IEU7|OR5MA_HUMAN;Olfactory;A
646;Q96RB7;sp|Q96RB7|OR5MB_HUMAN;Olfactory;A
647;Q8NGP4;sp|Q8NGP4|OR5M3_HUMAN;Olfactory;A
648;Q8NGP6;sp|Q8NGP6|OR5M8_HUMAN;Olfactory;A
649;Q8NGP3;sp|Q8NGP3|OR5M9_HUMAN;Olfactory;A
650;Q8WZ92;sp|Q8WZ92|OR5P2_HUMAN;Olfactory;A
651;Q8WZ94;sp|Q8WZ94|OR5P3_HUMAN;Olfactory;A
652;Q8NH85;sp|Q8NH85|OR5R1_HUMAN;Olfactory;A
653;Q8NG75;sp|Q8NG75|OR5T1_HUMAN;Olfactory;A
654;Q8NGG2;sp|Q8NGG2|OR5T2_HUMAN;Olfactory;A
655;Q8NGG3;sp|Q8NGG3|OR5T3_HUMAN;Olfactory;A
656;Q9UGF6;sp|Q9UGF6|OR5V1_HUMAN;Olfactory;A
657;Q8NH69;sp|Q8NH69|OR5W2_HUMAN;Olfactory;A
658;O95222;sp|O95222|OR6A2_HUMAN;Olfactory;A
659;O95007;sp|O95007|OR6B1_HUMAN;Olfactory;A
660;Q6IFH4;sp|Q6IFH4|OR6B2_HUMAN;Olfactory;A
661;Q8NGW1;sp|Q8NGW1|OR6B3_HUMAN;Olfactory;A
662;Q96RD1;sp|Q96RD1|OR6C1_HUMAN;Olfactory;A
663;Q9NZP2;sp|Q9NZP2|OR6C2_HUMAN;Olfactory;A
664;Q9NZP0;sp|Q9NZP0|OR6C3_HUMAN;Olfactory;A
665;Q8NGE1;sp|Q8NGE1|OR6C4_HUMAN;Olfactory;A
666;A6NF89;sp|A6NF89|OR6C6_HUMAN;Olfactory;A
667;A6NJZ3;sp|A6NJZ3|O6C65_HUMAN;Olfactory;A
668;A6NDL8;sp|A6NDL8|O6C68_HUMAN;Olfactory;A
669;A6NIJ9;sp|A6NIJ9|O6C70_HUMAN;Olfactory;A
670;A6NCV1;sp|A6NCV1|O6C74_HUMAN;Olfactory;A
671;A6NL08;sp|A6NL08|O6C75_HUMAN;Olfactory;A
672;A6NM76;sp|A6NM76|O6C76_HUMAN;Olfactory;A
673;Q8NGZ6;sp|Q8NGZ6|OR6F1_HUMAN;Olfactory;A
674;Q8NGC5;sp|Q8NGC5|OR6J1_HUMAN;Olfactory;A
675;Q8NGY2;sp|Q8NGY2|OR6K2_HUMAN;Olfactory;A
676;Q8NGY3;sp|Q8NGY3|OR6K3_HUMAN;Olfactory;A
677;Q8NGW6;sp|Q8NGW6|OR6K6_HUMAN;Olfactory;A
678;Q8NGM8;sp|Q8NGM8|OR6M1_HUMAN;Olfactory;A
679;Q8NGY5;sp|Q8NGY5|OR6N1_HUMAN;Olfactory;A
680;Q8NGY6;sp|Q8NGY6|OR6N2_HUMAN;Olfactory;A
681;Q8NGX9;sp|Q8NGX9|OR6P1_HUMAN;Olfactory;A
682;Q8NGQ2;sp|Q8NGQ2|OR6Q1_HUMAN;Olfactory;A
683;Q8NH40;sp|Q8NH40|OR6S1_HUMAN;Olfactory;A
684;Q8NGN1;sp|Q8NGN1|OR6T1_HUMAN;Olfactory;A
685;Q8N148;sp|Q8N148|OR6V1_HUMAN;Olfactory;A
686;Q8NH79;sp|Q8NH79|OR6X1_HUMAN;Olfactory;A
687;Q8NGX8;sp|Q8NGX8|OR6Y1_HUMAN;Olfactory;A
688;O76100;sp|O76100|OR7AA_HUMAN;Olfactory;A
689;O14581;sp|O14581|OR7AH_HUMAN;Olfactory;A
690;Q15622;sp|Q15622|OR7A5_HUMAN;Olfactory;A
691;O76099;sp|O76099|OR7C1_HUMAN;Olfactory;A
692;O60412;sp|O60412|OR7C2_HUMAN;Olfactory;A
693;Q96RA2;sp|Q96RA2|OR7D2_HUMAN;Olfactory;A
694;Q8NG98;sp|Q8NG98|OR7D4_HUMAN;Olfactory;A
695;Q6IFN5;sp|Q6IFN5|O7E24_HUMAN;Olfactory;A
696;Q8NGA0;sp|Q8NGA0|OR7G1_HUMAN;Olfactory;A
697;Q8NG99;sp|Q8NG99|OR7G2_HUMAN;Olfactory;A
698;Q8NG95;sp|Q8NG95|OR7G3_HUMAN;Olfactory;A
699;Q8NGG7;sp|Q8NGG7|OR8A1_HUMAN;Olfactory;A
700;Q8NGG6;sp|Q8NGG6|OR8BC_HUMAN;Olfactory;A
701;Q96RD0;sp|Q96RD0|OR8B2_HUMAN;Olfactory;A
702;Q8NGG8;sp|Q8NGG8|OR8B3_HUMAN;Olfactory;A
703;Q96RC9;sp|Q96RC9|OR8B4_HUMAN;Olfactory;A
704;Q15620;sp|Q15620|OR8B8_HUMAN;Olfactory;A
705;Q8WZ84;sp|Q8WZ84|OR8D1_HUMAN;Olfactory;A
706;Q9GZM6;sp|Q9GZM6|OR8D2_HUMAN;Olfactory;A
707;Q8NGM9;sp|Q8NGM9|OR8D4_HUMAN;Olfactory;A
708;Q15617;sp|Q15617|OR8G1_HUMAN;Olfactory;A
709;Q15614;sp|Q15614|OR8G2_HUMAN;Olfactory;A
710;Q8NG78;sp|Q8NG78|OR8G5_HUMAN;Olfactory;A
711;Q8NGG4;sp|Q8NGG4|OR8H1_HUMAN;Olfactory;A
712;Q8N162;sp|Q8N162|OR8H2_HUMAN;Olfactory;A
713;Q8N146;sp|Q8N146|OR8H3_HUMAN;Olfactory;A
714;Q8N0Y5;sp|Q8N0Y5|OR8I2_HUMAN;Olfactory;A
715;Q8NGP2;sp|Q8NGP2|OR8J1_HUMAN;Olfactory;A
716;Q8NGG1;sp|Q8NGG1|OR8J2_HUMAN;Olfactory;A
717;Q8NGG0;sp|Q8NGG0|OR8J3_HUMAN;Olfactory;A
718;Q8NGG5;sp|Q8NGG5|OR8K1_HUMAN;Olfactory;A
719;Q8NH51;sp|Q8NH51|OR8K3_HUMAN;Olfactory;A
720;Q8NH50;sp|Q8NH50|OR8K5_HUMAN;Olfactory;A
721;Q8NH09;sp|Q8NH09|OR8S1_HUMAN;Olfactory;A
722;Q8NH10;sp|Q8NH10|OR8U1_HUMAN;Olfactory;A
723;P0C7N1;sp|P0C7N1|OR8U8_HUMAN;Olfactory;A
724;P0C7N5;sp|P0C7N5|OR8U9_HUMAN;Olfactory;A
725;Q8NGT5;sp|Q8NGT5|OR9A2_HUMAN;Olfactory;A
726;Q8NGU2;sp|Q8NGU2|OR9A4_HUMAN;Olfactory;A
727;Q8NH87;sp|Q8NH87|OR9G1_HUMAN;Olfactory;A
728;Q8NGQ1;sp|Q8NGQ1|OR9G4_HUMAN;Olfactory;A
729;P0C7N8;sp|P0C7N8|OR9G9_HUMAN;Olfactory;A
730;Q8NGQ6;sp|Q8NGQ6|OR9I1_HUMAN;Olfactory;A
731;Q8NGE7;sp|Q8NGE7|OR9K2_HUMAN;Olfactory;A
732;Q8NGQ5;sp|Q8NGQ5|OR9Q1_HUMAN;Olfactory;A
733;Q8NGE9;sp|Q8NGE9|OR9Q2_HUMAN;Olfactory;A
734;Q8NH08;sp|Q8NH08|O10AC_HUMAN;Olfactory;A
735;Q8NH80;sp|Q8NH80|O10D3_HUMAN;Olfactory;A
736;Q8NGN7;sp|Q8NGN7|O10D4_HUMAN;Olfactory;A
737;Q8NHC6;sp|Q8NHC6|O14L1_HUMAN;Olfactory;A
738;Q96R84;sp|Q96R84|OR1F2_HUMAN;Olfactory;A
739;O76000;sp|O76000|OR2B3_HUMAN;Olfactory;A
740;P59922;sp|P59922|OR2B8_HUMAN;Olfactory;A
741;Q8NGU4;sp|Q8NGU4|OR2I1_HUMAN;Olfactory;A
742;Q8NHA6;sp|Q8NHA6|OR2W6_HUMAN;Olfactory;A
743;P47883;sp|P47883|OR3A4_HUMAN;Olfactory;A
744;Q8NGN8;sp|Q8NGN8|OR4A4_HUMAN;Olfactory;A
745;P0C604;sp|P0C604|OR4A8_HUMAN;Olfactory;A
746;Q8NH63;sp|Q8NH63|O51H1_HUMAN;Olfactory;A
747;A6NMU1;sp|A6NMU1|O52A4_HUMAN;Olfactory;A
748;Q8NGH6;sp|Q8NGH6|O52L2_HUMAN;Olfactory;A
749;Q8NH57;sp|Q8NH57|O52P1_HUMAN;Olfactory;A
750;Q8NGI1;sp|Q8NGI1|O56B2_HUMAN;Olfactory;A
751;Q8NH89;sp|Q8NH89|O5AK3_HUMAN;Olfactory;A
752;Q8NGA2;sp|Q8NGA2|OR7A2_HUMAN;Olfactory;A
753;Q8NH95;sp|Q8NH95|YI035_HUMAN;Olfactory;A
754;Q9H341;sp|Q9H341|O51M1_HUMAN;Olfactory;A
755;P59533;sp|P59533|T2R38_HUMAN;Taste2;A
756;P59534;sp|P59534|T2R39_HUMAN;Taste2;A
757;P59535;sp|P59535|T2R40_HUMAN;Taste2;A
758;P59536;sp|P59536|T2R41_HUMAN;Taste2;A
759;P59537;sp|P59537|T2R43_HUMAN;Taste2;A
760;P59538;sp|P59538|T2R31_HUMAN;Taste2;A
761;P59539;sp|P59539|T2R45_HUMAN;Taste2;A
762;P59540;sp|P59540|T2R46_HUMAN;Taste2;A
763;P59541;sp|P59541|T2R30_HUMAN;Taste2;A
764;P59542;sp|P59542|T2R19_HUMAN;Taste2;A
765;P59543;sp|P59543|T2R20_HUMAN;Taste2;A
766;P59544;sp|P59544|T2R50_HUMAN;Taste2;A
767;P59551;sp|P59551|T2R60_HUMAN;Taste2;A
768;Q7RTR8;sp|Q7RTR8|T2R42_HUMAN;Taste2;A
769;Q9NYV7;sp|Q9NYV7|T2R16_HUMAN;Taste2;A
770;Q9NYV8;sp|Q9NYV8|T2R14_HUMAN;Taste2;A
771;Q9NYV9;sp|Q9NYV9|T2R13_HUMAN;Taste2;A
772;Q9NYW0;sp|Q9NYW0|T2R10_HUMAN;Taste2;A
773;Q9NYW1;sp|Q9NYW1|TA2R9_HUMAN;Taste2;A
774;Q9NYW2;sp|Q9NYW2|TA2R8_HUMAN;Taste2;A
775;Q9NYW3;sp|Q9NYW3|TA2R7_HUMAN;Taste2;A
776;Q9NYW4;sp|Q9NYW4|TA2R5_HUMAN;Taste2;A
777;Q9NYW5;sp|Q9NYW5|TA2R4_HUMAN;Taste2;A
778;Q9NYW6;sp|Q9NYW6|TA2R3_HUMAN;Taste2;A
779;Q9NYW7;sp|Q9NYW7|TA2R1_HUMAN;Taste2;A
780;Q7Z5H4;sp|Q7Z5H4|VN1R5_HUMAN;Vomeronasal;A
781;Q7Z5H5;sp|Q7Z5H5|VN1R4_HUMAN;Vomeronasal;A
782;Q8NFZ6;sp|Q8NFZ6|VN1R2_HUMAN;Vomeronasal;A
783;Q9BXE9;sp|Q9BXE9|VN1R3_HUMAN;Vomeronasal;A
784;Q9GZP7;sp|Q9GZP7|VN1R1_HUMAN;Vomeronasal;A
785;O14514;sp|O14514|BAI1_HUMAN;Adhesion;B
786;O60241;sp|O60241|BAI2_HUMAN;Adhesion;B
787;O60242;sp|O60242|BAI3_HUMAN;Adhesion;B
788;O94910;sp|O94910|LPHN1_HUMAN;Adhesion;B
789;O95490;sp|O95490|LPHN2_HUMAN;Adhesion;B
790;P48960;sp|P48960|CD97_HUMAN;Adhesion;B
791;Q14246;sp|Q14246|EMR1_HUMAN;Adhesion;B
792;Q5T601;sp|Q5T601|GP110_HUMAN;Adhesion;B
793;Q6QNK2;sp|Q6QNK2|GP133_HUMAN;Adhesion;B
794;Q7Z7M1;sp|Q7Z7M1|GP144_HUMAN;Adhesion;B
795;Q86SQ3;sp|Q86SQ3|EMR4_HUMAN;Adhesion;B
796;Q86SQ4;sp|Q86SQ4|GP126_HUMAN;Adhesion;B
797;Q86SQ6;sp|Q86SQ6|GP123_HUMAN;Adhesion;B
798;Q86Y34;sp|Q86Y34|GPR97_HUMAN;Adhesion;B
799;Q8IWK6;sp|Q8IWK6|GP125_HUMAN;Adhesion;B
800;Q8IZF2;sp|Q8IZF2|GP116_HUMAN;Adhesion;B
801;Q8IZF3;sp|Q8IZF3|GP115_HUMAN;Adhesion;B
802;Q8IZF4;sp|Q8IZF4|GP114_HUMAN;Adhesion;B
803;Q8IZF5;sp|Q8IZF5|GP113_HUMAN;Adhesion;B
804;Q8IZF6;sp|Q8IZF6|GP112_HUMAN;Adhesion;B
805;Q8IZF7;sp|Q8IZF7|GP111_HUMAN;Adhesion;B
806;Q8IZP9;sp|Q8IZP9|GPR64_HUMAN;Adhesion;B
807;Q8WXG9;sp|Q8WXG9|GPR98_HUMAN;Adhesion;B
808;Q96K78;sp|Q96K78|GP128_HUMAN;Adhesion;B
809;Q96PE1;sp|Q96PE1|GP124_HUMAN;Adhesion;B
810;Q9BY15;sp|Q9BY15|EMR3_HUMAN;Adhesion;B
811;Q9HAR2;sp|Q9HAR2|LPHN3_HUMAN;Adhesion;B
812;Q9HBW9;sp|Q9HBW9|ELTD1_HUMAN;Adhesion;B
813;Q9HCU4;sp|Q9HCU4|CELR2_HUMAN;Adhesion;B
814;Q9NYQ6;sp|Q9NYQ6|CELR1_HUMAN;Adhesion;B
815;Q9NYQ7;sp|Q9NYQ7|CELR3_HUMAN;Adhesion;B
816;Q9UHX3;sp|Q9UHX3|EMR2_HUMAN;Adhesion;B
817;Q9Y653;sp|Q9Y653|GPR56_HUMAN;Adhesion;B
818;Q5VW38;sp|Q5VW38|GP107_HUMAN;Other;Other
819;Q96N19;sp|Q96N19|G137A_HUMAN;Other;Other
820;Q86W33;sp|Q86W33|TPRA1_HUMAN;Other;Other
821;P51810;sp|P51810|GP143_HUMAN;Other;Other
822;Q9NPR9;sp|Q9NPR9|GP108_HUMAN;Other;Other
823;Q8NBN3;sp|Q8NBN3|TM87A_HUMAN;Other;Other
824;Q96K49;sp|Q96K49|TM87B_HUMAN;Other;Other
825;O60478;sp|O60478|G137B_HUMAN;Other;Other
826;Q8N3F9;sp|Q8N3F9|G137C_HUMAN;Other;Other
827;Q5T9L3;sp|Q5T9L3|WLS_HUMAN;Other;Other
828;Q86V85;sp|Q86V85|GP180_HUMAN;Other;Other
